,tre_pos,rule,sens,spec,acc,mcc,pvalue,closest_subsite,dist_subsite
8,4,"not Gly=>AS, Gly=>SH",99.22919972795285,53.27586206896552,93.88900020036066,0.6651254716939816,0.0,1,34.33138509214587
30,12,"not Ser=>AS, Ser=>SH",95.21650419406029,79.65517241379311,93.40813464235625,0.7025079332563925,0.0,-1,37.65879776794261
91,38,"not Arg=>AS, Arg=>SH",96.73543414191792,66.3793103448276,93.20777399318773,0.6570837621478964,0.0,1,30.109056469311263
101,43,"Met=>AS, not Met=>SH",97.57424620267513,99.48275862068968,97.79603285914646,0.904469494553642,0.0,1,23.27921269860486
102,43,"not Leu=>AS, Leu=>SH",98.435728859669,99.3103448275862,98.53736726106993,0.9338070078687482,0.0,1,23.27921269860486
103,43,"Met=>AS, Leu=>SH",98.00498753117209,99.39655172413792,98.1667000601082,0.9188243566707344,0.0,1,23.27921269860486
107,45,"not Phe=>AS, Phe=>SH",90.27431421446384,94.48275862068964,90.763374073332,0.6845773237409866,0.0,1,25.03989193805133
136,57,"Tyr=>AS, not Tyr=>SH",98.84379959192928,99.48275862068968,98.91805249449007,0.9501254141595576,0.0,1,26.22030637034562
137,57,"not Phe=>AS, Phe=>SH",99.65994105644978,99.3103448275862,99.61931476657983,0.9816739616946072,0.0,1,26.22030637034562
138,57,"Tyr=>AS, Phe=>SH",99.25187032418951,99.39655172413792,99.26868363053495,0.9655491935987768,0.0,1,26.22030637034562
150,63,"not Gly=>AS, Gly=>SH",98.75311720698255,58.27586206896552,94.04928871969544,0.6785742346302027,0.0,-1,26.732160017075877
158,66,"not Glu=>AS, Glu=>SH",97.95964633869872,69.65517241379311,94.67040673211781,0.7256037117269601,0.0,-1,29.340692222558175
195,81,"not Arg=>AS, Arg=>SH",97.48356381772841,63.27586206896552,93.5083149669405,0.6616823834334687,0.0,-1,30.121169494762587
218,91,"not Ala=>AS, Ala=>SH",99.25187032418951,64.13793103448275,95.17130835503909,0.7439733514198081,0.0,-1,24.960163409560423
289,121,"not His=>AS, His=>SH",99.95465880752664,58.44827586206897,95.13123622520537,0.7418456084470724,0.0,-1,22.068614274898167
323,136,"not Gly=>AS, Gly=>SH",99.68261165268648,76.0344827586207,96.93448206772189,0.8430129464186631,0.0,-1,12.492000504039993
335,141,"not His=>AS, His=>SH",99.7732940376332,49.13793103448275,93.88900020036066,0.6646852083031775,0.0,-1,12.77565343223397
354,150,"not Val=>AS, Val=>SH",92.99478576286556,88.6206896551724,92.48647565618113,0.7048411769292563,0.0,-1,11.558412729924074
411,176,"not Gly=>AS, Gly=>SH",99.56925867150306,58.27586206896552,94.77058705670206,0.7193448435283295,0.0,-1,24.359408468142238
420,180,"not Leu=>AS, Leu=>SH",99.9773294037633,59.31034482758621,95.25145261470648,0.7490275457841209,0.0,-1,12.237679447612589
423,181,"not Ala=>AS, Ala=>SH",99.50124688279301,86.72413793103449,98.01642957323182,0.9006968747991853,0.0,-1,10.880617380047212
460,197,"Ala=>AS, not Ala=>SH",99.7732940376332,100.0,99.79963935083151,0.9903646866550438,0.0,-1,20.32780868258609
461,197,"not Ser=>AS, Ser=>SH",100.0,100.0,100.0,1.0,0.0,-1,20.32780868258609
462,197,"Ala=>AS, Ser=>SH",99.88664701881659,100.0,99.89981967541573,0.9951528274240832,0.0,-1,20.32780868258609
464,198,"not Thr=>AS, Thr=>SH",99.11584674676944,92.41379310344827,98.33700661190143,0.9187467683286537,0.0,-1,18.956174476140028
493,210,"not Met=>AS, Met=>SH",99.16118793924281,89.3103448275862,98.01642957323182,0.901869742803455,0.0,-1,14.456527569712108
532,227,"not Asp=>AS, Asp=>SH",98.18635230106553,71.55172413793103,95.09116409537168,0.7477161121492694,0.0,2,4.957947957384103
567,242,"not Pro=>AS, Pro=>SH",98.97982316934936,92.24137931034485,98.19675415748348,0.912212024796942,0.0,-1,23.286615446309284
569,243,"Pro=>AS, not Pro=>SH",99.63727046021309,98.44827586206895,99.49909837707874,0.975764099174818,0.0,-1,23.308242147111912
570,243,"not Met=>AS, Met=>SH",100.0,58.793103448275865,95.21138048487278,0.7468016093167991,0.0,-1,23.308242147111912
571,243,"Pro=>AS, Met=>SH",99.81863523010657,78.6206896551724,97.35523943097576,0.8656695376689171,0.0,-1,23.308242147111912
582,247,"not Pro=>AS, Pro=>SH",98.16368170482883,92.93103448275862,97.55560008014427,0.8850941387440677,0.0,-1,11.495206799030678
596,253,"not His=>AS, His=>SH",98.6624348220358,55.862068965517246,93.68863955119215,0.656475655265639,0.0,-1,8.46306927790166
615,261,"not Ser=>AS, Ser=>SH",99.86397642257992,94.3103448275862,99.21859346824283,0.9615210796836144,0.0,-1,19.532403118307524
626,266,"not Ala=>AS, Ala=>SH",99.13851734300613,96.03448275862068,98.77780004007212,0.941258607170018,0.0,-1,19.747417509189656
629,267,"not Gly=>AS, Gly=>SH",99.04783495805941,83.44827586206897,97.23502304147465,0.8610183291803991,0.0,-1,17.491666665132904
645,274,"not Gln=>AS, Gln=>SH",96.35003400589436,80.6896551724138,94.53015427769985,0.7439245556669912,0.0,-1,18.480270753178672
648,275,"not Arg=>AS, Arg=>SH",98.36771707095896,60.17241379310346,93.92907233019436,0.6750517487553485,0.0,-1,14.17086795504663
654,277,"not Asp=>AS, Asp=>SH",98.00498753117209,71.0344827586207,94.87076738128631,0.7369252654349241,0.0,-1,22.225155848554056
657,278,"not Ile=>AS, Ile=>SH",99.04783495805941,60.3448275862069,94.55019034261672,0.7075230324586432,0.0,-1,19.12068670499007
668,282,"not Val=>AS, Val=>SH",95.7152573112673,85.86206896551725,94.57022640753357,0.7588177704143488,0.0,-1,13.82889390847888
709,297,"not Ser=>AS, Ser=>SH",98.48107005214236,81.20689655172414,96.47365257463434,0.8234889678206121,0.0,6,7.230962509036669
732,308,"not Asn=>AS, Asn=>SH",99.9773294037633,87.06896551724138,98.47725906631938,0.9242220675210384,0.0,1,15.24049757210818
735,309,"not Val=>AS, Val=>SH",93.53888007254592,90.6896551724138,93.20777399318773,0.7317171024735114,0.0,1,11.206434319459056
738,310,"not Leu=>AS, Leu=>SH",99.9773294037633,98.44827586206895,99.79963935083151,0.9902175167515488,0.0,1,16.789854135358954
741,311,"not Gln=>AS, Gln=>SH",99.93198821128996,55.51724137931034,94.77058705670206,0.7202180384119338,0.0,1,18.900844479644327
747,313,"not Glu=>AS, Glu=>SH",98.77578780321925,92.06896551724138,97.99639350831495,0.9030657468741866,0.0,1,18.400484928733142
766,323,"not Phe=>AS, Phe=>SH",99.93198821128996,58.44827586206897,95.11120016028852,0.7405523333553459,0.0,-1,18.1832795679693
768,324,"His=>AS, not His=>SH",99.22919972795285,99.3103448275862,99.2386295331597,0.9641431770633012,0.0,-1,15.921312776758485
770,324,"His=>AS, Arg=>SH",99.61459986397642,68.6206896551724,96.01282308154678,0.7919987716165271,0.0,-1,15.921312776758485
772,325,"not Leu=>AS, Leu=>SH",99.9773294037633,96.72413793103449,99.599278701663,0.980380336011968,0.0,1,13.84208167254994
779,328,"Leu=>AS, not Leu=>SH",96.44071639084109,99.3103448275862,96.77419354838709,0.8669045967430433,0.0,1,2.7177336931528813
780,328,"not Val=>AS, Val=>SH",99.84130582634323,56.72413793103448,94.8306952514526,0.7234428734967651,0.0,1,2.7177336931528813
781,328,"Leu=>AS, Val=>SH",98.14101110859215,78.01724137931033,95.80244439991985,0.7892756157660876,0.0,1,2.7177336931528813
783,329,"not Ala=>AS, Ala=>SH",92.99478576286556,84.82758620689657,92.04568222801042,0.6794597262316325,0.0,1,5.388627357282864
793,333,"not Ala=>AS, Ala=>SH",94.28700974835638,81.20689655172414,92.76698056501705,0.6874056056676051,0.0,4,3.98446719706751
810,340,"not Tyr=>AS, Tyr=>SH",98.18635230106553,85.51724137931033,96.71408535363658,0.8395567044778287,0.0,3,13.31822013730961
829,348,"not Ser=>AS, Ser=>SH",97.80095216504196,84.3103448275862,96.23321979563214,0.8174546589971389,0.0,1,11.884271497036686
832,349,"not Ser=>AS, Ser=>SH",99.84130582634323,76.55172413793103,97.13484271689042,0.8539256599189219,0.0,-1,7.193552584681656
835,350,"not Gly=>AS, Gly=>SH",99.88664701881659,59.48275862068966,95.19134441995593,0.7450843139489894,0.0,3,9.235107812385019
839,352,"not Asp=>AS, Asp=>SH",99.9773294037633,67.58620689655173,96.21318373071527,0.803922418320962,0.0,4,6.946181567734401
842,354,"Asp=>AS, not Asp=>SH",97.66492858762186,99.65517241379308,97.89621318373072,0.9086003203819696,0.0,2,6.627125091502762
846,356,"Arg=>AS, not Arg=>SH",99.34255270913624,97.75862068965515,99.15848527349227,0.9596313649615534,0.0,4,9.245111140156457
847,356,"not His=>AS, His=>SH",99.9773294037633,91.55172413793105,98.99819675415749,0.9505324438091916,0.0,4,9.245111140156457
848,356,"Arg=>AS, His=>SH",99.65994105644978,94.65517241379308,99.07834101382488,0.9547056753200044,0.0,4,9.245111140156457
853,358,"not Asn=>AS, Asn=>SH",98.0956699161188,95.51724137931036,97.79603285914646,0.8984907376858301,0.0,2,11.021757941871428
858,360,"not Met=>AS, Met=>SH",97.84629335751532,92.06896551724138,97.17491484672409,0.8682559563716404,0.0,3,14.118128791188367
930,389,"not Pro=>AS, Pro=>SH",98.84379959192928,57.41379310344828,94.02925265477859,0.6765329474824665,0.0,2,11.133551112989984
998,417,"Asp=>AS, not Asp=>SH",98.27703468601223,60.68965517241379,93.9090362652775,0.6749042387991682,0.0,3,10.851366569237411
999,417,"not Glu=>AS, Glu=>SH",99.45590569031964,60.68965517241379,94.9509116409537,0.7303084566353689,0.0,3,10.851366569237411
1000,417,"Asp=>AS, Glu=>SH",98.86647018816595,60.68965517241379,94.42997395311559,0.7013533983678369,0.0,3,10.851366569237411
1002,418,"not Gly=>AS, Gly=>SH",98.45839945590569,67.93103448275862,94.91083951112002,0.7341069628038204,0.0,3,8.817863665304925
1189,45,"ALI=>AS, not ALI=>SH",89.34481976875992,94.65517241379308,89.96193147665798,0.6678363586206635,0.0,1,25.03989193805133
1190,45,"not ARO=>AS, ARO=>SH",90.27431421446384,94.48275862068964,90.763374073332,0.6845773237409866,0.0,1,25.03989193805133
1191,45,"ALI=>AS, ARO=>SH",89.80956699161189,94.56896551724138,90.36265277499498,0.6760823027196087,0.0,1,25.03989193805133
1404,141,"not ARO=>AS, ARO=>SH",99.7732940376332,49.13793103448275,93.88900020036066,0.6646852083031775,0.0,-1,12.77565343223397
1521,197,"ALI=>AS, not ALI=>SH",99.88664701881659,100.0,99.89981967541573,0.9951528274240836,0.0,-1,20.32780868258609
1522,197,"not POL=>AS, POL=>SH",99.9773294037633,100.0,99.97996393508316,0.9990257823706828,0.0,-1,20.32780868258609
1523,197,"ALI=>AS, POL=>SH",99.93198821128996,100.0,99.93989180524945,0.9970845421844939,0.0,-1,20.32780868258609
1524,198,"ALI=>AS, not ALI=>SH",99.02516436182272,92.41379310344827,98.25686235223402,0.9150751416876344,0.0,-1,18.956174476140028
1525,198,"not POL=>AS, POL=>SH",99.11584674676944,92.41379310344827,98.33700661190143,0.9187467683286537,0.0,-1,18.956174476140028
1526,198,"ALI=>AS, POL=>SH",99.07050555429608,92.41379310344827,98.29693448206771,0.9169064286708604,0.0,-1,18.956174476140028
1551,210,"not ALI=>AS, ALI=>SH",98.9118113806393,91.3793103448276,98.03646563814866,0.9042670189052148,0.0,-1,14.456527569712108
1691,273,"POL=>AS, not POL=>SH",92.4506914531852,98.10344827586206,93.10759366860347,0.7541869454142754,0.0,-1,19.239898588196482
1695,274,"not POL=>AS, POL=>SH",95.44321015642711,80.6896551724138,93.72871168102584,0.7161421910848629,0.0,-1,18.480270753178672
1703,277,"not NEG=>AS, NEG=>SH",97.0074812967581,74.13793103448276,94.3498296934482,0.7212875375047461,0.0,-1,22.225155848554056
1725,286,"not POL=>AS, POL=>SH",93.3348447064158,96.72413793103449,93.72871168102584,0.7660131759459821,0.0,-1,3.005343329637802
1808,324,"ARO=>AS, not ARO=>SH",99.27454092042619,99.3103448275862,99.27870166299337,0.9659515376822332,0.0,-1,15.921312776758485
1810,324,"ARO=>AS, POS=>SH",99.63727046021309,68.79310344827586,96.05289521138049,0.7942630925831082,0.0,-1,15.921312776758485
1811,325,"POS=>AS, not POS=>SH",99.50124688279301,100.0,99.5592065718293,0.979106678003286,0.0,1,13.84208167254994
1812,325,"not ALI=>AS, ALI=>SH",99.90931761505327,100.0,99.91985574033258,0.9961174991959012,0.0,1,13.84208167254994
1813,325,"POS=>AS, ALI=>SH",99.70528224892315,100.0,99.73953115608093,0.987519621803266,0.0,1,13.84208167254994
1816,327,"ARO=>AS, not ARO=>SH",99.65994105644978,95.6896551724138,99.19855740332598,0.9607351905953972,0.0,1,8.320472230890744
1818,327,"ARO=>AS, NEG=>SH",99.82997052822486,69.48275862068965,96.30334602284113,0.808504609883396,0.0,1,8.320472230890744
1867,348,"not POL=>AS, POL=>SH",94.28700974835638,89.48275862068967,93.72871168102584,0.7428248531080334,0.0,1,11.884271497036686
1875,352,"not NEG=>AS, NEG=>SH",99.9773294037633,71.3793103448276,96.653977158886,0.8282279070818253,0.0,4,6.946181567734401
1876,352,"POL=>AS, NEG=>SH",95.38653366583542,79.48275862068967,93.53836906431576,0.7062694270081495,0.0,4,6.946181567734401
1878,354,"NEG=>AS, not NEG=>SH",98.73044661074587,99.13793103448276,98.77780004007212,0.9437717871749032,0.0,2,6.627125091502762
1881,356,"POS=>AS, not POS=>SH",99.38789390160963,97.75862068965515,99.19855740332598,0.9614756590957082,0.0,4,9.245111140156457
1882,356,"not ARO=>AS, ARO=>SH",99.9773294037633,91.89655172413794,99.03826888399121,0.9525387305057776,0.0,4,9.245111140156457
1883,356,"POS=>AS, ARO=>SH",99.68261165268648,94.82758620689656,99.1184131436586,0.9566804189938074,0.0,4,9.245111140156457
1885,357,"not POL=>AS, POL=>SH",87.64452505100884,99.65517241379308,89.04027249048288,0.6699804859642057,0.0,3,12.47253513184348
1891,360,"POL=>AS, not POL=>SH",94.83110405803673,92.93103448275862,94.61029853736729,0.7798841360844113,0.0,3,14.118128791188367
1892,360,"not ALI=>AS, ALI=>SH",95.46588075266381,92.75862068965515,95.15127229012222,0.796518498214667,0.0,3,14.118128791188367
1893,360,"POL=>AS, ALI=>SH",95.14849240535023,92.84482758620692,94.88078541374477,0.7880846775395342,0.0,3,14.118128791188367
