,Position,Rule,Closest subsite,Distance to closest subsite (Ã…),Sensitivity,Specificity,Accuracy,MCC
8,4,"not Gly=>AS, Gly=>SH",1,34.33138509214587,99.22919972795285,53.27586206896552,93.88900020036066,0.6651254716939816
30,12,"not Ser=>AS, Ser=>SH",-1,37.65879776794261,95.21650419406029,79.65517241379311,93.40813464235625,0.7025079332563925
91,38,"not Arg=>AS, Arg=>SH",1,30.109056469311263,96.73543414191792,66.3793103448276,93.20777399318773,0.6570837621478964
101,43,"Met=>AS, not Met=>SH",1,23.27921269860486,97.57424620267513,99.48275862068968,97.79603285914646,0.904469494553642
102,43,"not Leu=>AS, Leu=>SH",1,23.27921269860486,98.435728859669,99.3103448275862,98.53736726106993,0.9338070078687482
103,43,"Met=>AS, Leu=>SH",1,23.27921269860486,98.00498753117209,99.39655172413792,98.1667000601082,0.9188243566707344
107,45,"not Phe=>AS, Phe=>SH",1,25.03989193805133,90.27431421446384,94.48275862068964,90.763374073332,0.6845773237409866
136,57,"Tyr=>AS, not Tyr=>SH",1,26.22030637034562,98.84379959192928,99.48275862068968,98.91805249449007,0.9501254141595576
137,57,"not Phe=>AS, Phe=>SH",1,26.22030637034562,99.65994105644978,99.3103448275862,99.61931476657983,0.9816739616946072
138,57,"Tyr=>AS, Phe=>SH",1,26.22030637034562,99.25187032418951,99.39655172413792,99.26868363053495,0.9655491935987768
150,63,"not Gly=>AS, Gly=>SH",-1,26.732160017075877,98.75311720698255,58.27586206896552,94.04928871969544,0.6785742346302027
158,66,"not Glu=>AS, Glu=>SH",-1,29.340692222558175,97.95964633869872,69.65517241379311,94.67040673211781,0.7256037117269601
195,81,"not Arg=>AS, Arg=>SH",-1,30.121169494762587,97.48356381772841,63.27586206896552,93.5083149669405,0.6616823834334687
218,91,"not Ala=>AS, Ala=>SH",-1,24.960163409560423,99.25187032418951,64.13793103448275,95.17130835503909,0.7439733514198081
289,121,"not His=>AS, His=>SH",-1,22.068614274898167,99.95465880752664,58.44827586206897,95.13123622520537,0.7418456084470724
323,136,"not Gly=>AS, Gly=>SH",-1,12.492000504039993,99.68261165268648,76.0344827586207,96.93448206772189,0.8430129464186631
335,141,"not His=>AS, His=>SH",-1,12.77565343223397,99.7732940376332,49.13793103448275,93.88900020036066,0.6646852083031775
354,150,"not Val=>AS, Val=>SH",-1,11.558412729924074,92.99478576286556,88.6206896551724,92.48647565618113,0.7048411769292563
411,176,"not Gly=>AS, Gly=>SH",-1,24.359408468142238,99.56925867150306,58.27586206896552,94.77058705670206,0.7193448435283295
420,180,"not Leu=>AS, Leu=>SH",-1,12.237679447612589,99.9773294037633,59.31034482758621,95.25145261470648,0.7490275457841209
423,181,"not Ala=>AS, Ala=>SH",-1,10.880617380047212,99.50124688279301,86.72413793103449,98.01642957323182,0.9006968747991853
460,197,"Ala=>AS, not Ala=>SH",-1,20.32780868258609,99.7732940376332,100.0,99.79963935083151,0.9903646866550438
461,197,"not Ser=>AS, Ser=>SH",-1,20.32780868258609,100.0,100.0,100.0,1.0
462,197,"Ala=>AS, Ser=>SH",-1,20.32780868258609,99.88664701881659,100.0,99.89981967541573,0.9951528274240832
464,198,"not Thr=>AS, Thr=>SH",-1,18.956174476140028,99.11584674676944,92.41379310344827,98.33700661190143,0.9187467683286537
493,210,"not Met=>AS, Met=>SH",-1,14.456527569712108,99.16118793924281,89.3103448275862,98.01642957323182,0.901869742803455
532,227,"not Asp=>AS, Asp=>SH",2,4.957947957384103,98.18635230106553,71.55172413793103,95.09116409537168,0.7477161121492694
567,242,"not Pro=>AS, Pro=>SH",-1,23.286615446309284,98.97982316934936,92.24137931034485,98.19675415748348,0.912212024796942
569,243,"Pro=>AS, not Pro=>SH",-1,23.308242147111912,99.63727046021309,98.44827586206895,99.49909837707874,0.975764099174818
570,243,"not Met=>AS, Met=>SH",-1,23.308242147111912,100.0,58.793103448275865,95.21138048487278,0.7468016093167991
571,243,"Pro=>AS, Met=>SH",-1,23.308242147111912,99.81863523010657,78.6206896551724,97.35523943097576,0.8656695376689171
582,247,"not Pro=>AS, Pro=>SH",-1,11.495206799030678,98.16368170482883,92.93103448275862,97.55560008014427,0.8850941387440677
596,253,"not His=>AS, His=>SH",-1,8.46306927790166,98.6624348220358,55.862068965517246,93.68863955119215,0.656475655265639
615,261,"not Ser=>AS, Ser=>SH",-1,19.532403118307524,99.86397642257992,94.3103448275862,99.21859346824283,0.9615210796836144
626,266,"not Ala=>AS, Ala=>SH",-1,19.747417509189656,99.13851734300613,96.03448275862068,98.77780004007212,0.941258607170018
629,267,"not Gly=>AS, Gly=>SH",-1,17.491666665132904,99.04783495805941,83.44827586206897,97.23502304147465,0.8610183291803991
645,274,"not Gln=>AS, Gln=>SH",-1,18.480270753178672,96.35003400589436,80.6896551724138,94.53015427769985,0.7439245556669912
648,275,"not Arg=>AS, Arg=>SH",-1,14.17086795504663,98.36771707095896,60.17241379310346,93.92907233019436,0.6750517487553485
654,277,"not Asp=>AS, Asp=>SH",-1,22.225155848554056,98.00498753117209,71.0344827586207,94.87076738128631,0.7369252654349241
657,278,"not Ile=>AS, Ile=>SH",-1,19.12068670499007,99.04783495805941,60.3448275862069,94.55019034261672,0.7075230324586432
668,282,"not Val=>AS, Val=>SH",-1,13.82889390847888,95.7152573112673,85.86206896551725,94.57022640753357,0.7588177704143488
709,297,"not Ser=>AS, Ser=>SH",6,7.230962509036669,98.48107005214236,81.20689655172414,96.47365257463434,0.8234889678206121
732,308,"not Asn=>AS, Asn=>SH",1,15.24049757210818,99.9773294037633,87.06896551724138,98.47725906631938,0.9242220675210384
735,309,"not Val=>AS, Val=>SH",1,11.206434319459056,93.53888007254592,90.6896551724138,93.20777399318773,0.7317171024735114
738,310,"not Leu=>AS, Leu=>SH",1,16.789854135358954,99.9773294037633,98.44827586206895,99.79963935083151,0.9902175167515488
741,311,"not Gln=>AS, Gln=>SH",1,18.900844479644327,99.93198821128996,55.51724137931034,94.77058705670206,0.7202180384119338
747,313,"not Glu=>AS, Glu=>SH",1,18.400484928733142,98.77578780321925,92.06896551724138,97.99639350831495,0.9030657468741866
766,323,"not Phe=>AS, Phe=>SH",-1,18.1832795679693,99.93198821128996,58.44827586206897,95.11120016028852,0.7405523333553459
768,324,"His=>AS, not His=>SH",-1,15.921312776758485,99.22919972795285,99.3103448275862,99.2386295331597,0.9641431770633012
770,324,"His=>AS, Arg=>SH",-1,15.921312776758485,99.61459986397642,68.6206896551724,96.01282308154678,0.7919987716165271
772,325,"not Leu=>AS, Leu=>SH",1,13.84208167254994,99.9773294037633,96.72413793103449,99.599278701663,0.980380336011968
779,328,"Leu=>AS, not Leu=>SH",1,2.7177336931528813,96.44071639084109,99.3103448275862,96.77419354838709,0.8669045967430433
780,328,"not Val=>AS, Val=>SH",1,2.7177336931528813,99.84130582634323,56.72413793103448,94.8306952514526,0.7234428734967651
781,328,"Leu=>AS, Val=>SH",1,2.7177336931528813,98.14101110859215,78.01724137931033,95.80244439991985,0.7892756157660876
783,329,"not Ala=>AS, Ala=>SH",1,5.388627357282864,92.99478576286556,84.82758620689657,92.04568222801042,0.6794597262316325
793,333,"not Ala=>AS, Ala=>SH",4,3.98446719706751,94.28700974835638,81.20689655172414,92.76698056501705,0.6874056056676051
810,340,"not Tyr=>AS, Tyr=>SH",3,13.31822013730961,98.18635230106553,85.51724137931033,96.71408535363658,0.8395567044778287
829,348,"not Ser=>AS, Ser=>SH",1,11.884271497036686,97.80095216504196,84.3103448275862,96.23321979563214,0.8174546589971389
832,349,"not Ser=>AS, Ser=>SH",-1,7.193552584681656,99.84130582634323,76.55172413793103,97.13484271689042,0.8539256599189219
835,350,"not Gly=>AS, Gly=>SH",3,9.235107812385019,99.88664701881659,59.48275862068966,95.19134441995593,0.7450843139489894
839,352,"not Asp=>AS, Asp=>SH",4,6.946181567734401,99.9773294037633,67.58620689655173,96.21318373071527,0.803922418320962
842,354,"Asp=>AS, not Asp=>SH",2,6.627125091502762,97.66492858762186,99.65517241379308,97.89621318373072,0.9086003203819696
846,356,"Arg=>AS, not Arg=>SH",4,9.245111140156457,99.34255270913624,97.75862068965515,99.15848527349227,0.9596313649615534
847,356,"not His=>AS, His=>SH",4,9.245111140156457,99.9773294037633,91.55172413793105,98.99819675415749,0.9505324438091916
848,356,"Arg=>AS, His=>SH",4,9.245111140156457,99.65994105644978,94.65517241379308,99.07834101382488,0.9547056753200044
853,358,"not Asn=>AS, Asn=>SH",2,11.021757941871428,98.0956699161188,95.51724137931036,97.79603285914646,0.8984907376858301
858,360,"not Met=>AS, Met=>SH",3,14.118128791188367,97.84629335751532,92.06896551724138,97.17491484672409,0.8682559563716404
930,389,"not Pro=>AS, Pro=>SH",2,11.133551112989984,98.84379959192928,57.41379310344828,94.02925265477859,0.6765329474824665
998,417,"Asp=>AS, not Asp=>SH",3,10.851366569237411,98.27703468601223,60.68965517241379,93.9090362652775,0.6749042387991682
999,417,"not Glu=>AS, Glu=>SH",3,10.851366569237411,99.45590569031964,60.68965517241379,94.9509116409537,0.7303084566353689
1000,417,"Asp=>AS, Glu=>SH",3,10.851366569237411,98.86647018816595,60.68965517241379,94.42997395311559,0.7013533983678369
1002,418,"not Gly=>AS, Gly=>SH",3,8.817863665304925,98.45839945590569,67.93103448275862,94.91083951112002,0.7341069628038204
