,closest_subsite,distance
1,+1,31.861564302144593
2,+1,33.2822408273911
3,+1,35.17704128011837
4,+1,34.33138509214587
5,+1,37.12710575139674
6,+1,37.57875779093483
7,+1,32.372627784537066
8,+1,35.67168608928581
9,-1,38.62840054469502
10,-1,36.963554133558816
11,-1,32.87545153804102
12,-1,37.65879776794261
13,-1,39.36393463253331
14,-1,35.71011264323704
15,-1,36.33195180890401
16,-1,43.52204562311877
17,-1,46.660783917429704
18,-1,46.828954726340655
19,-1,42.56733791355832
20,-1,42.22923998046275
21,-1,45.43980780517683
22,-1,43.274973441098254
23,-1,38.97074984515972
24,-1,42.11416822259668
25,-1,43.32956504001311
26,-1,39.48424802137083
27,-1,37.666420244023364
28,-1,35.10134781819106
29,-1,35.666241722670186
30,+1,36.983629515703214
31,+1,33.59742532829951
32,-1,30.042294437958773
33,+1,34.93634380296954
34,+1,33.648878059257854
35,+1,30.27186730939193
36,+1,30.82608917995871
37,+1,33.073630393396364
38,+1,30.10905646931126
39,+1,27.058590605656494
40,+1,28.097815267672104
41,+1,28.04526867116287
42,+1,24.686739938645676
43,+1,23.27921269860486
44,+1,26.571893342420115
45,+1,25.039891938051326
46,+1,21.074175022963637
47,+1,21.921876977287102
48,+1,25.22116237577132
49,+1,22.1617580447355
50,+1,19.721411281325732
51,-1,19.663121518563468
52,+1,26.22276425300775
53,+1,29.560631138024863
54,-1,26.093128838738505
55,-1,30.315597633645154
56,-1,27.465748726035514
57,+1,26.22030637034562
58,-1,29.885280199168275
59,-1,29.112755762383294
60,-1,23.384216999773837
61,+1,27.260619619635698
62,-1,29.48025826283227
63,-1,26.73216001707588
64,-1,23.081276835932204
65,-1,27.54783741548935
66,-1,29.340692222558175
67,-1,23.448511060036125
68,-1,26.694661990412076
69,-1,29.120954850963525
70,-1,29.24617990348498
71,-1,24.863452035904665
72,-1,28.271878266162656
73,-1,30.876952631171886
74,-1,28.06121173628567
75,-1,24.551820663738244
76,-1,29.46582297564507
77,-1,31.79000840639285
78,-1,29.332351171591245
79,-1,25.464901979597496
80,-1,29.312943408305983
81,-1,30.12116949476259
82,-1,25.40586658008339
83,-1,25.929515646937634
84,-1,29.822995046383426
85,-1,28.961779894494853
86,-1,21.68540227170665
87,-1,27.987625180835302
88,-1,30.026424693336793
89,-1,26.20713039608954
90,-1,23.888640217326376
91,-1,24.96016340956042
92,-1,19.975443482834514
93,-1,19.663502255318512
94,+3,22.46386457342441
95,-1,23.53983850870642
96,-1,24.85826106680294
97,-1,24.215101178105176
98,-1,20.798872042293326
99,-1,18.930611097323485
100,-1,16.124187181963627
101,-1,13.998929919517902
102,-1,9.82212638820905
103,-1,11.838512917615008
104,-1,6.038238044835482
105,-1,13.56481330414878
106,-1,12.945954030418982
107,-1,11.907537019114336
108,-1,15.882769765132952
109,-1,18.215896573702718
110,-1,18.711389645965124
111,-1,19.816867686632783
112,-1,18.224505942596053
113,-1,22.686612799782196
114,-1,22.475297262531054
115,-1,18.332926450649204
116,-1,22.60490646084853
117,-1,24.83925855338999
118,-1,21.986215212222493
119,-1,23.587828496635996
120,-1,26.23853486867475
121,-1,22.068614274898167
122,-1,19.28547881347239
123,-1,24.788603591053242
124,-1,26.532005448946894
125,-1,20.711126055046346
126,-1,23.470479893070817
127,-1,18.86532132914359
128,-1,20.46163023217105
129,-1,12.737250688874667
130,-1,14.899266369135152
131,-1,6.260753811532109
132,-1,10.741248754569037
133,-1,5.802559606575497
134,-1,7.1512345658606105
135,-1,11.743009994219626
136,-1,12.492000504039996
137,-1,12.31794912835469
138,-1,11.116606310138936
139,-1,11.545736725203465
140,-1,15.441088053423146
141,-1,12.77565343223397
142,-1,10.782540051573633
143,-1,7.296229156665923
144,-1,2.708366606705636
145,-1,6.746916859814761
146,-1,7.225256450266763
147,-1,3.6245486006948147
148,-1,6.190638320409214
149,-1,8.026599496786693
150,-1,11.558412729924072
151,-1,13.410586455878452
152,-1,9.631893981900225
153,-1,16.102705820195272
154,-1,16.44827523423869
155,-1,17.66374081470551
156,-1,14.671506150657
157,-1,18.87075680997721
158,-1,18.39302284242739
159,-1,14.824628076676548
160,-1,20.40583160324092
161,-1,22.032025226060203
162,-1,20.290406056571996
163,-1,24.299965746778813
164,-1,22.84604569805423
165,-1,18.2491814368011
166,-1,22.871041390958993
167,-1,24.824824607286075
168,-1,20.486620032251054
169,-1,19.81480091029671
170,-1,24.36131719150811
171,-1,25.228396685361783
172,-1,19.50530193155008
173,-1,22.417123486562136
174,-1,27.089975283294805
175,-1,26.215353892979643
176,-1,24.359408468142238
177,-1,20.374999930330876
178,-1,18.093627041855317
179,-1,16.41193757732822
180,-1,12.237679447612587
181,-1,10.88061738004721
182,-1,6.008274605910412
183,-1,8.467249394418992
184,-1,4.953558125996408
185,-1,7.967176647702795
186,-1,6.8533283718119815
187,-1,2.847364086825029
188,-1,8.274834804556152
189,-1,9.450691367404476
190,-1,11.787948608794087
191,-1,13.926720323705197
192,-1,13.147162328233534
193,-1,16.736303010710326
194,-1,14.56793626910194
195,-1,14.749036411104992
196,-1,17.72618256031547
197,-1,20.327808682586095
198,-1,18.956174476140028
199,-1,19.888107241106216
200,-1,22.58304092320652
201,-1,24.44644238373489
202,-1,24.491177244065195
203,-1,25.809302249499066
204,-1,23.40866838682008
205,-1,19.940095989401055
206,-1,21.912589342765596
207,-1,19.067569501006577
208,-1,15.278514746909348
209,-1,12.675676845226581
210,-1,14.456527569712108
211,-1,18.254229417915642
212,-1,18.293024991820083
213,-1,23.75798558144479
214,+6,21.771307083248377
215,+6,16.43433785197037
216,+6,18.193817223026496
217,+6,15.908689461536845
218,+6,14.388432789116777
219,+6,13.20212052433294
220,+6,11.910083223754222
221,+6,9.9018666541119
222,+6,9.078530768785788
223,+6,6.777989841682151
224,+6,4.910283199211307
225,+6,6.312316062150363
226,+2,2.917389632962204
227,+2,4.957947957384103
228,+2,3.2019066957362297
229,+1,3.7386896096636173
230,+2,7.54272014414975
231,+1,10.68156073351494
232,+1,8.810024265473485
233,-1,10.356352299296898
234,+2,12.970715985463013
235,+2,10.648988849238638
236,+2,11.525115683876711
237,+2,13.786911803464005
238,-1,12.976043581380274
239,-1,17.31916053034708
240,-1,17.55393763084509
241,-1,21.335450669017103
242,-1,23.286615446309284
243,-1,23.30824214711191
244,-1,20.406935115995445
245,-1,18.070783873462346
246,-1,14.265222722874816
247,-1,11.495206799030678
248,-1,9.276173878203949
249,+1,6.771723800159575
250,-1,3.4944410293947117
251,-1,5.809166202356422
252,-1,10.021501039871001
253,-1,8.46306927790166
254,-1,3.7613929399045
255,-1,9.210978898274497
256,-1,8.448580413842066
257,-1,10.773079659377478
258,-1,14.201812157778408
259,-1,12.22419457219667
260,-1,18.1201981642469
261,-1,19.532403118307524
262,-1,21.118690478340035
263,-1,19.850708587077275
264,-1,15.387387414793594
265,-1,17.99440811352174
266,-1,19.747417509189656
267,-1,17.491666665132904
268,-1,11.79839178262389
269,-1,17.452516047810455
270,-1,18.988206783570213
271,-1,15.54210827315175
272,-1,15.52473089025536
273,-1,19.23989858819648
274,-1,18.480270753178672
275,-1,14.17086795504663
276,-1,19.48167447690538
277,-1,22.22515584855406
278,-1,19.12068670499007
279,-1,20.953783762252407
280,-1,16.230588118940013
281,-1,17.749904155110173
282,-1,13.828893908478879
283,-1,11.712844518558033
284,-1,2.8462767654072136
285,+1,6.578056237185918
286,-1,3.005343329637802
287,+1,3.275470484310233
288,+1,5.260996063036943
289,+1,5.480156037686295
290,+1,3.4293383380203566
291,+1,9.459624308004257
292,+1,11.930857397885992
293,+1,10.75248788485915
294,+6,11.318425134366224
295,+6,12.169088902334655
296,+6,8.883776571593105
297,+6,7.230962509036669
298,+6,4.573110147279958
299,+6,7.992847237643942
300,+2,4.7938535299615355
301,+5,6.459271692880883
302,+6,10.861745526788694
303,+6,14.33034372204626
304,+1,15.545406687111578
305,+1,11.864829608160328
306,+1,12.450965581003206
307,+1,16.675088949462765
308,+1,15.24049757210818
309,+1,11.206434319459055
310,+1,16.789854135358954
311,+1,18.900844479644327
312,+1,14.90729707613008
313,+1,18.400484928733146
314,+1,21.182125248072538
315,+1,21.927894748914287
316,+1,19.780476891181447
317,+1,21.09882187224308
318,+1,25.860457569792846
319,-1,25.924791926790686
320,-1,23.07810683277326
321,-1,23.745611201419553
322,-1,21.315326171768024
323,-1,18.1832795679693
324,-1,15.921312776758484
325,+1,13.84208167254994
326,-1,9.773528257185356
327,+1,8.320472230890744
328,+1,2.7177336931528813
329,+1,5.388627357282863
330,+3,3.6080092307790026
331,+3,3.5162534846502114
332,+5,3.7055376655650645
333,+4,3.98446719706751
334,+4,7.433510359486662
335,+5,6.252073973553687
336,+3,6.302414292489313
337,+3,10.623978908011848
338,+5,10.623255809805814
339,+1,8.67955121318491
340,+3,13.318220137309607
341,+1,17.219750849358007
342,+1,20.32583956905218
343,+1,19.257940881966675
344,+1,13.89184824497268
345,+1,12.194124478491936
346,+1,16.411658931778977
347,+1,13.093901701814312
348,+1,11.884271497036686
349,-1,7.193552584681656
350,+3,9.23510781238502
351,+3,5.788481178698983
352,+4,6.946181567734401
353,+3,10.033632954506766
354,+2,6.627125091502761
355,+3,6.974006895783535
356,+4,9.245111140156455
357,+3,12.47253513184348
358,+2,11.021757941871428
359,+3,11.261332542901457
360,+3,14.118128791188367
361,+3,16.335944290744408
362,+3,14.925891413766527
363,+4,14.944893941959009
364,+3,18.730528071243118
365,+4,16.60406754648754
366,+4,16.277282869405713
367,+4,14.964490101596054
368,+4,10.67190566460984
369,+4,13.393229937584769
370,+4,15.533251656959083
371,+4,11.331064524890065
372,+4,11.388119942419774
373,+4,14.433145946708327
374,+4,16.426618720577792
375,+4,14.481711241708402
376,+4,8.982412908542393
377,+4,14.836825583090318
378,+4,17.27381222055701
379,+3,15.611884580103128
380,+3,18.80979861470207
381,+3,23.319746880803976
382,+1,21.616146461757932
383,+3,19.412958718139443
384,+1,16.453615806099606
385,+3,11.318744545451342
386,-1,12.049025982249134
387,-1,14.254723516082274
388,+2,7.385628508004731
389,+2,11.133551112989984
390,+2,8.406502124518283
391,-1,6.460262039005302
392,-1,2.937401133562935
393,-1,2.4073425296741915
394,+2,2.8784189461606324
395,+2,4.215094100028049
396,+2,3.496794895090413
397,+3,3.1716914490927413
398,+3,2.742947181003706
399,+4,3.099750524922503
400,+4,4.696762280295222
401,+4,2.7177596854714987
402,+5,5.079245511773216
403,+5,8.850134706834575
404,+4,8.848454937962815
405,+5,9.907084764389825
406,+5,12.168711049222605
407,+4,13.706553225157922
408,+4,13.797537787610022
409,+4,9.792025158664032
410,+4,8.128901604504724
411,+4,5.902015614540199
412,+4,5.750670790034755
413,+4,8.508968503269475
414,+4,8.746146387586487
415,+4,3.1287329806211037
416,+3,8.422928781126123
417,+3,10.85136656923741
418,+3,8.817863665304925
419,+3,6.610132255912411
420,+3,11.882739486188887
421,+3,13.991137767226183
422,+3,12.343059682880376
423,+3,12.272722809595018
424,+3,16.429398284237042
425,+3,15.436298540947707
426,+3,17.52886844867606
427,+3,20.929314467957795
428,+3,22.437859031112964
429,+3,18.438036054510796
430,+2,18.778159062151484
431,+2,16.49459785937312
432,+2,16.372097067911756
433,+2,14.054314036206447
434,+2,10.961638165983016
435,+1,10.675634963405656
436,+1,4.023170079917709
437,+1,6.1787491121863605
438,+3,8.871904072048524
439,+3,8.42834352334458
440,+3,11.441383477594158
441,+6,9.969280411097905
442,+3,7.604056356155361
443,+3,7.310968117176045
444,+3,2.6886042572404376
445,+3,4.454056337340616
446,+2,3.1077503761364125
447,+2,6.952018069647707
448,+1,8.635910977345366
449,+2,11.292150640211474
450,+2,13.86145339433888
451,+2,14.712839314478531
452,+2,17.343243005116182
453,+2,17.01861231005261
454,+2,11.941645438458176
455,+2,17.644729908784104
456,+2,20.031840763006464
457,+2,21.853284079331385
458,+2,21.99724929142373
459,+2,22.59594860234415
460,+2,26.257369500944552
461,+2,24.71804393488934
462,+2,28.005564850598706
463,+2,24.371710068970557
464,+2,22.495469047959908
465,+2,24.00859830233282
466,+2,23.57911777031599
467,+2,20.162231943181038
468,+2,20.151511519269402
469,+2,22.17921270921407
470,+2,20.792847621261988
471,+2,16.166629506323602
472,-1,15.539071131160435
473,+2,21.221336840530537
474,+3,18.0903927193036
475,+2,17.19703995095633
476,+2,20.402747229224122
477,+3,22.14632377472669
478,+3,18.226600711370402
479,+3,18.747949826627877
480,-1,19.194338575001108
481,-1,15.784527935033035
482,-1,16.018149859415725
483,-1,10.578705710961842
484,-1,14.00993244605987
485,-1,9.934706009586685
486,-1,14.523980458016801
487,-1,17.16343823240942
488,-1,15.118722354251389
489,-1,18.921595275511848
490,-1,21.832496579853213
491,-1,21.12198717169864
492,-1,18.206692934349178
493,-1,17.49577925744716
494,+2,15.675792046061538
495,-1,16.265771639690268
496,-1,18.80116850215589
497,-1,18.426815165190387
498,+1,13.816285201731123
499,-1,17.019101981304235
500,-1,19.01066851504121
501,-1,16.189342401253235
502,-1,15.708000455557952
503,-1,12.088928381052963
504,-1,12.17942422603004
505,-1,14.031269153573868
506,-1,10.86320301734561
507,-1,6.254928354158164
508,+1,9.572562937464227
509,-1,2.9765662973547657
510,-1,9.05074811581447
511,-1,12.133272525473362
512,-1,8.174858529120272
513,-1,4.302473018386747
514,-1,13.595274895897592
515,-1,16.317177720263107
516,-1,18.26992170839234
517,-1,20.744523286903537
518,-1,23.887929645830123
519,-1,26.296872311548345
520,-1,22.82823356888013
521,-1,19.759005170531058
522,-1,27.74783899865505
523,-1,28.90277010611627
524,-1,27.03705833862001
525,-1,30.855747870676137
526,-1,32.48342793654183
527,+2,34.05387297789606
528,+2,33.93727877031467
529,+2,30.545141660916517
530,+2,27.205698788329254
531,-1,26.71380640927926
532,-1,28.71981830356443
533,+2,28.185484403335067
534,-1,23.374348520790203
535,-1,25.124826051799033
536,-1,27.908336387911643
537,-1,26.87780058362552
538,-1,21.179397146478557
539,-1,25.782155748345215
540,-1,28.076092655350262
541,+2,24.412822952154215
542,-1,22.613530009895374
543,-1,27.491577092090903
544,-1,29.223562407577088
545,-1,21.90073713568416
546,-1,24.30752888735915
547,-1,30.00922905582197
548,-1,30.470016017390623
549,+3,31.08043698993322
550,+3,28.917953617169175
551,+3,25.96311159108832
552,+3,26.949541776000547
553,+3,23.678686096728367
554,+3,20.588859177776495
555,+4,22.56851724495531
556,+4,19.699834231979896
557,+4,23.074872302891276
558,+4,19.497727532666115
559,+4,23.620101539639755
560,+4,22.850267128139706
561,+4,24.81960956948625
562,+4,26.281260367813143
563,+4,23.913955998438283
564,+4,21.07691533324961
565,+4,22.782906810409905
566,+4,22.81134076771511
567,+4,18.699316450217957
568,+4,22.268772605728376
569,+4,21.43705906155158
570,+4,25.011535643809225
571,+3,24.089376817059286
572,+4,28.150975076508626
573,+4,29.916609503950923
574,+4,31.5707983109226
575,+4,28.26038897015994
576,+4,28.265238972736213
577,+4,25.427792360275173
578,+4,25.7363059863564
579,+4,23.372248374952516
580,+3,23.964744096487237
581,+3,18.336469542478735
582,+3,23.761232643979618
583,+3,24.56546282215176
584,+3,27.970137259125643
585,+3,30.93008128846404
586,+4,27.781121472139382
587,+4,30.363596318514073
588,+4,29.353023285519928
589,+4,32.7451469090029
590,+4,36.05926665113333
591,+4,34.911852413389596
592,+4,30.176023387351005
593,+4,32.517085734072595
594,+4,35.73483484006046
595,+4,34.77699048365334
596,+4,32.63588640739619
597,+4,36.44788760710249
598,+4,40.51395769310777
599,+4,39.532450056990044
600,+4,36.66133146994742
601,+3,35.65421651390412
602,+3,32.693996178384864
603,+3,32.730608782267346
604,+2,28.83920702868339
605,+2,33.68762299660599
606,+2,36.230131318043206
607,+2,38.46110565450756
608,+4,40.074283183187106
609,+4,36.60526755759208
610,+4,38.2582802296026
611,+4,35.08723397243641
612,+4,39.426481846289995
613,+4,37.48508912553947
614,+4,36.562211518744654
615,+4,32.711166424298234
616,+4,33.489012378823894
617,+4,28.497585247954216
618,+3,29.383062339561615
619,+3,27.980288939212578
620,+3,22.891226168565776
621,+3,26.963279165876447
622,+3,26.248829947673045
623,+4,28.45928572538076
624,+2,25.692226725852905
625,+4,31.433164059704158
626,+4,34.175574335396064
627,+4,32.09650000120066
628,+4,35.91840913279008
